{
    "eps8.255": {
        "IBP": {
            "4": 0.3490000000000001,
            "8": 0.34890000000000015,
            "11": 0.3514,
            "14": 0.3552,
            "17": 0.3570000000000001,
            "20": 0.3557000000000001
        },
        "last_block_14": {
            "4": 0.33,
            "8": 0.3358,
            "11": 0.34429999999999983,
            "14": 0.35109999999999997,
            "17": 0.35340000000000005,
            "20": 0.3539
        },
        "last_block_11": {
            "4": 0.32359999999999994,
            "8": 0.3295,
            "11": 0.3351000000000001,
            "14": 0.34630000000000005,
            "17": 0.3496999999999999,
            "20": 0.35039999999999993
        },
        "last_block_17": {
            "4": 0.3225000000000001,
            "8": 0.3297000000000001,
            "11": 0.33919999999999995,
            "14": 0.3442999999999999,
            "17": 0.348,
            "20": 0.34859999999999985
        },
        "last_block_20": {
            "4": 0.3321,
            "8": 0.3376,
            "11": 0.3446,
            "14": 0.34819999999999995,
            "17": 0.3534,
            "20": 0.35709999999999986
        },
        "last_block_8": {
            "4": 0.32810000000000006,
            "8": 0.33369999999999983,
            "11": 0.3378,
            "14": 0.34540000000000015,
            "17": 0.34540000000000004,
            "20": 0.346
        },
        "last_block_4": {
            "4": 0.3518999999999999,
            "8": 0.3553999999999998,
            "11": 0.35949999999999993,
            "14": 0.36599999999999994,
            "17": 0.3670999999999999,
            "20": 0.3663000000000001
        }
    },
    "eps2.255": {
        "IBP": {
            "4": 0.5493000000000001,
            "8": 0.5520999999999999,
            "11": 0.5560999999999996,
            "14": 0.5586999999999998,
            "17": 0.5630999999999998,
            "20": 0.5691
        },
        "last_block_14": {
            "4": 0.4880000000000001,
            "8": 0.5133,
            "11": 0.5493000000000001,
            "14": 0.5922,
            "17": 0.6004999999999999,
            "20": 0.6071
        },
        "last_block_11": {
            "4": 0.5059999999999999,
            "8": 0.5349,
            "11": 0.5759000000000002,
            "14": 0.5799000000000002,
            "17": 0.5852999999999999,
            "20": 0.5934
        },
        "last_block_17": {
            "4": 0.4333,
            "8": 0.4671999999999999,
            "11": 0.5098999999999999,
            "14": 0.5399000000000003,
            "17": 0.6276999999999998,
            "20": 0.6308999999999999
        },
        "last_block_20": {
            "4": 0.4452,
            "8": 0.47800000000000015,
            "11": 0.5119999999999998,
            "14": 0.5341000000000001,
            "17": 0.5835000000000001,
            "20": 0.6282000000000002
        },
        "last_block_8": {
            "4": 0.5419000000000004,
            "8": 0.5645000000000002,
            "11": 0.5698000000000002,
            "14": 0.5731,
            "17": 0.5791000000000004,
            "20": 0.5834000000000001
        },
        "last_block_4": {
            "4": 0.5590000000000003,
            "8": 0.564,
            "11": 0.5702,
            "14": 0.5734000000000001,
            "17": 0.5788000000000002,
            "20": 0.5830999999999998
        }
    }
}