{
    "eps0.1": {
        "IBP": {
            "4": 0.9798,
            "8": 0.9804999999999999,
            "11": 0.9811999999999999,
            "14": 0.9814,
            "17": 0.982,
            "20": 0.9819000000000001
        },
        "last_block_14": {
            "4": 0.8921000000000001,
            "8": 0.9724999999999999,
            "11": 0.9825999999999999,
            "14": 0.9847000000000001,
            "17": 0.9849000000000001,
            "20": 0.9849000000000001
        },
        "last_block_11": {
            "4": 0.9497000000000002,
            "8": 0.9769000000000003,
            "11": 0.9846999999999997,
            "14": 0.9852,
            "17": 0.9852,
            "20": 0.9852
        },
        "last_block_17": {
            "4": 0.9002000000000001,
            "8": 0.9723999999999998,
            "11": 0.9825,
            "14": 0.9845999999999999,
            "17": 0.9851000000000001,
            "20": 0.9853999999999998
        },
        "last_block_20": {
            "4": 0.9588000000000002,
            "8": 0.9745,
            "11": 0.9823000000000001,
            "14": 0.9840999999999999,
            "17": 0.9845,
            "20": 0.9845
        },
        "last_block_8": {
            "4": 0.9711000000000001,
            "8": 0.9822999999999998,
            "11": 0.9832000000000001,
            "14": 0.9834999999999998,
            "17": 0.9836999999999998,
            "20": 0.9837
        },
        "last_block_4": {
            "4": 0.9813000000000001,
            "8": 0.9823000000000001,
            "11": 0.9832,
            "14": 0.9836999999999999,
            "17": 0.9838999999999999,
            "20": 0.984
        }
    },
    "eps0.3": {
        "IBP": {
            "4": 0.9319000000000001,
            "8": 0.9330999999999997,
            "11": 0.9339,
            "14": 0.9434999999999999,
            "17": 0.9405999999999999,
            "20": 0.9448999999999997
        },
        "last_block_14": {
            "4": 0.9218000000000001,
            "8": 0.9369,
            "11": 0.9495000000000001,
            "14": 0.9597000000000002,
            "17": 0.9590000000000001,
            "20": 0.9641
        },
        "last_block_11": {
            "4": 0.9182000000000003,
            "8": 0.9343999999999998,
            "11": 0.9580999999999998,
            "14": 0.9622,
            "17": 0.9580000000000002,
            "20": 0.9626000000000001
        },
        "last_block_17": {
            "4": 0.9199999999999996,
            "8": 0.9352999999999999,
            "11": 0.9443999999999998,
            "14": 0.9613000000000002,
            "17": 0.9606000000000001,
            "20": 0.9618000000000001
        },
        "last_block_20": {
            "4": 0.9088000000000003,
            "8": 0.9307000000000002,
            "11": 0.9456000000000001,
            "14": 0.9622000000000002,
            "17": 0.9635000000000001,
            "20": 0.9729000000000002
        },
        "last_block_8": {
            "4": 0.9330000000000002,
            "8": 0.9423000000000001,
            "11": 0.9425000000000003,
            "14": 0.9511000000000001,
            "17": 0.9489000000000001,
            "20": 0.9517
        },
        "last_block_4": {
            "4": 0.9371,
            "8": 0.9429000000000001,
            "11": 0.9420000000000001,
            "14": 0.9481999999999999,
            "17": 0.9471,
            "20": 0.9485
        }
    }
}